Team,Year,GF,PK SI,PK SI/GP,PK GA,PK GA/GP,PK%,PKT,PK time/GP,SHG,PK GF/GP,GF/GP,GA,GA/GP,GF even,GF even/GP,GA even,GA even/GP,PPG,PPG/GP,PP GA,PP GA/GP,SOWGF,SOWGA,2' ,5',10',GM,MP,PIM Total,PP OP,PP OP/GP,PP%,PPT,PP time/GP,Number of year
EHC Basel Sharks,0910,111,224,4.98,53,1.18,76.34,19961,443,2,0.04,2.47,180,4.00,79,1.76,117,2.60,33,0.73,8,0.18,1,2,261,0,12,0,0,642,198,4.40,16.67,18182,404,1
EHC Basel Sharks,1011,138,211,4.69,38,0.84,81.99,19849,441,6,0.13,3.07,136,3.02,98,2.18,91,2.02,33,0.73,3,0.07,1,4,241,3,2,2,2,597,197,4.38,16.75,18728,416,1
EHC Basel Sharks,1112,132,212,4.71,45,1.0,78.77,18770,417,9,0.2,2.93,142,3.16,96,2.13,88,1.96,27,0.6,5,0.11,0,4,226,1,4,0,1,517,183,4.07,14.75,16934,376,1
EHC Basel Sharks,1213,138,232,4.64,46,0.92,80.17,21341,426,8,0.16,2.76,168,3.36,93,1.86,117,2.34,35,0.7,4,0.08,2,1,256,2,10,1,1,662,189,3.78,18.52,18475,369,1
EHC Basel Sharks,1314,144,209,4.64,41,0.91,80.38,19490,433,8,0.18,3.2,162,3.6,93,2.07,112,2.49,40,0.89,7,0.16,3,2,236,3,12,2,1,667,185,4.11,21.62,17106,380,1
EHC Biel,0809,126,306,6.12,55,1.1,82.03,27694,553,3,0.06,2.52,213,4.26,94,1.88,145,2.9,29,0.58,13,0.26,0,0,321,2,8,4,0,812,261,5.22,11.11,25912,518,1
EHC Biel,0910,134,266,5.32,45,0.9,83.08,24336,486,7,0.14,2.68,182,3.64,80,1.6,129,2.58,44,0.88,5,0.1,3,3,303,2,12,1,1,776,259,5.18,16.99,23920,478,1
EHC Biel,1011,135,201,4.02,47,0.94,76.62,19409,388,3,0.06,2.7,173,3.46,89,1.78,116,2.32,39,0.78,6,0.12,4,4,226,4,8,4,0,632,201,4.02,19.4,19384,387,1
EHC Biel,1112,114,200,4.0,35,0.7,82.5,19787,395,1,0.02,2.28,128,2.56,80,1.6,88,1.76,30,0.6,4,0.08,3,1,216,6,2,5,1,602,198,3.96,15.15,19433,388,1
EHC Biel,1213,160,198,3.96,33,0.66,83.33,19053,381,7,0.14,3.2,161,3.22,112,2.24,118,2.36,37,0.74,7,0.14,4,3,239,1,8,1,0,583,231,4.62,16.02,21809,436,1
EHC Biel,1314,115,197,3.94,34,0.68,82.74,17888,357,5,0.1,2.3,154,3.08,74,1.48,110,2.2,30,0.6,8,0.16,6,2,214,0,2,1,0,468,197,3.94,15.23,18264,365,1
EHC Biel,1415,142,167,3.34,37,0.74,77.84,15684,313,3,0.06,2.84,164,3.28,101,2.02,122,2.44,35,0.7,3,0.06,3,2,189,2,5,3,0,498,188,3.76,18.62,18357,367,1
EHC Biel,1516,128,197,3.94,53,1.06,73.1,16987,339,3,0.06,2.56,175,3.5,79,1.58,115,2.3,44,0.88,5,0.1,2,2,203,4,3,4,0,536,200,4.0,22.0,18668,373,1
EHC Olten,0910,187,193,4.29,39,0.87,79.79,17701,393,5,0.11,4.16,129,2.87,140,3.11,82,1.82,50,1.11,6,0.13,1,2,234,0,5,0,0,518,247,5.49,20.24,23692,526,1
EHC Olten,1011,192,211,4.69,28,0.62,86.73,20858,463,11,0.24,4.27,147,3.27,121,2.69,109,2.42,58,1.29,8,0.18,2,2,242,0,9,0,0,574,236,5.24,24.58,20843,463,1
EHC Olten,1112,152,185,4.11,27,0.6,85.41,18120,402,5,0.11,3.38,146,3.24,99,2.2,108,2.4,44,0.98,10,0.22,4,1,214,1,9,1,0,543,234,5.2,18.8,23208,515,1
EHC Olten,1213,217,204,4.08,40,0.8,80.39,19263,385,1,0.02,4.34,144,2.88,157,3.14,93,1.86,57,1.14,9,0.18,2,2,254,1,8,2,0,633,264,5.28,21.59,23619,472,1
EHC Olten,1314,166,212,4.71,32,0.71,84.91,19887,441,10,0.22,3.69,120,2.67,113,2.51,84,1.87,40,0.89,2,0.04,3,2,253,4,9,4,1,716,221,4.91,18.1,18842,418,1
EHC Olten,1415,160,214,4.46,37,0.77,82.71,19952,415,9,0.19,3.33,156,3.25,112,2.33,110,2.29,38,0.79,9,0.19,1,0,239,3,1,2,1,563,204,4.25,18.63,19375,403,1
EHC Olten,1516,178,184,4.09,25,0.56,86.41,18530,411,8,0.18,3.96,124,2.76,133,2.96,86,1.91,35,0.78,7,0.16,2,6,210,4,4,4,0,560,174,3.87,20.11,16527,367,1
EHC Visp,0910,224,234,5.20,43,0.96,81.62,21807,484,16,0.36,4.98,140,3.11,159,3.53,89,1.98,61,1.36,7,0.16,3,1,272,3,7,3,1,709,226,5.02,26.99,20134,447,1
EHC Visp,1011,153,213,4.73,40,0.89,81.22,22810,506,11,0.24,3.4,152,3.38,91,2.02,101,2.24,44,0.98,9,0.2,7,2,251,5,7,5,0,697,198,4.4,22.22,18938,420,1
EHC Visp,1112,170,219,4.87,46,1.02,79.0,19920,442,9,0.2,3.78,150,3.33,120,2.67,98,2.18,39,0.87,5,0.11,2,1,247,3,7,3,1,659,192,4.27,20.31,18036,400,1
EHC Visp,1213,194,233,4.66,37,0.74,84.12,21053,421,9,0.18,3.88,161,3.22,139,2.78,116,2.32,42,0.84,5,0.1,4,3,266,0,19,0,0,722,203,4.06,20.69,18659,373,1
EHC Visp,1314,163,202,4.49,42,0.93,79.21,18630,414,7,0.16,3.62,164,3.64,107,2.38,113,2.51,44,0.98,8,0.18,5,1,225,0,7,1,0,540,176,3.91,25.0,16074,357,1
EHC Visp,1415,190,217,4.52,35,0.73,83.87,21642,450,9,0.19,3.96,162,3.38,128,2.67,121,2.52,50,1.04,4,0.08,3,2,254,2,2,1,1,578,213,4.44,23.47,18851,392,1
EHC Visp,1516,164,187,4.16,35,0.78,81.28,18084,401,8,0.18,3.64,161,3.58,125,2.78,122,2.71,28,0.62,3,0.07,3,1,226,3,7,3,0,597,161,3.58,17.39,15104,335,1
EHC Winterthur,1516,99,189,4.2,30,0.67,84.13,17971,399,2,0.04,2.2,196,4.36,64,1.42,153,3.4,32,0.71,11,0.24,1,2,206,3,1,3,0,497,204,4.53,15.69,19233,427,1
EV Zug,0809,171,289,5.78,46,0.92,84.08,27187,543,8,0.16,3.42,166,3.32,114,2.28,112,2.24,49,0.98,8,0.16,0,0,317,6,7,7,0,874,290,5.8,16.9,26644,532,1
EV Zug,0910,165,229,4.58,34,0.68,85.15,22240,444,6,0.12,3.3,125,2.5,101,2.02,86,1.72,50,1.0,4,0.08,3,1,289,3,12,3,0,773,221,4.42,22.62,20536,410,1
EV Zug,1011,176,224,4.48,37,0.74,83.48,22101,442,2,0.04,3.52,143,2.86,135,2.7,102,2.04,36,0.72,2,0.04,3,2,280,4,21,7,0,930,200,4.0,18.0,19159,383,1
EV Zug,1112,173,221,4.42,27,0.54,87.78,22282,445,5,0.1,3.46,131,2.62,122,2.44,91,1.82,41,0.82,7,0.14,5,6,280,8,11,7,1,870,198,3.96,20.71,22629,452,1
EV Zug,1213,172,236,4.72,42,0.84,82.2,21999,439,4,0.08,3.44,154,3.08,114,2.28,101,2.02,51,1.02,7,0.14,3,4,262,4,7,3,1,694,236,4.72,21.61,21605,432,1
EV Zug,1314,132,225,4.5,47,0.94,79.11,19584,391,6,0.12,2.64,156,3.12,95,1.9,98,1.96,30,0.6,4,0.08,1,7,249,2,10,1,1,648,207,4.14,14.49,20663,413,1
EV Zug,1415,166,211,4.22,38,0.76,81.99,21440,428,9,0.18,3.32,126,2.52,115,2.3,81,1.62,37,0.74,3,0.06,5,4,244,4,5,4,0,638,196,3.92,18.88,18726,374,1
EV Zug,1516,161,188,3.76,34,0.68,81.91,18557,371,3,0.06,3.22,138,2.76,113,2.26,98,1.96,43,0.86,3,0.06,2,3,212,6,4,7,0,634,195,3.9,22.05,18433,368,1
Fribourg-Gottéron,0809,154,273,5.46,54,1.08,80.22,24904,498,8,0.16,3.08,143,2.86,99,1.98,84,1.68,47,0.94,5,0.1,0,0,311,2,14,2,1,832,289,5.78,16.26,27352,547,1
Fribourg-Gottéron,0910,145,228,4.56,42,0.84,81.58,22027,440,6,0.12,2.9,160,3.2,101,2.02,107,2.14,35,0.7,8,0.16,3,3,256,1,11,1,0,647,219,4.38,15.98,19769,395,1
Fribourg-Gottéron,1011,157,208,4.16,41,0.82,80.29,20690,413,3,0.06,3.14,154,3.08,103,2.06,106,2.12,45,0.9,4,0.08,6,3,241,4,7,5,1,692,208,4.16,21.63,19431,388,1
Fribourg-Gottéron,1112,156,188,3.76,28,0.56,85.11,18893,377,3,0.06,3.12,120,2.4,115,2.3,84,1.68,35,0.7,5,0.1,3,3,225,4,7,4,0,620,203,4.06,17.24,19880,397,1
Fribourg-Gottéron,1213,163,227,4.54,35,0.7,84.58,21872,437,2,0.04,3.26,123,2.46,109,2.18,81,1.62,45,0.9,3,0.06,7,4,250,2,6,1,1,610,226,4.52,19.91,20752,415,1
Fribourg-Gottéron,1314,151,196,3.92,30,0.6,84.69,19250,385,2,0.04,3.02,147,2.94,115,2.3,104,2.08,32,0.64,10,0.2,2,3,220,5,12,5,0,685,176,3.52,18.18,17144,342,1
Fribourg-Gottéron,1415,144,195,3.9,32,0.64,83.59,19042,380,3,0.06,2.88,177,3.54,106,2.12,135,2.7,29,0.58,7,0.14,6,3,229,3,8,3,0,613,191,3.82,15.18,20677,413,1
Fribourg-Gottéron,1516,148,165,3.3,41,0.82,75.15,15199,303,5,0.1,2.96,154,3.08,101,2.02,104,2.08,40,0.8,6,0.12,2,3,201,5,5,7,0,617,197,3.94,20.3,17731,354,1
GCK Lions,0910,123,251,5.58,60,1.33,76.10,21966,488,9,0.20,2.73,199,4.42,83,1.84,129,2.87,39,0.87,10,0.22,2,0,290,1,10,1,0,705,214,4.76,18.22,20198,448,1
GCK Lions,1011,133,211,4.69,42,0.93,80.09,19462,432,5,0.11,2.96,180,4.0,99,2.2,128,2.84,29,0.64,8,0.18,0,2,255,3,11,2,2,715,213,4.73,13.62,20324,451,1
GCK Lions,1112,122,205,4.56,38,0.84,81.46,18685,415,5,0.11,2.71,134,2.98,89,1.98,91,2.02,28,0.62,4,0.09,0,1,234,2,10,1,1,618,208,4.62,13.46,20255,450,1
GCK Lions,1213,155,213,4.26,49,0.98,77.0,20414,408,4,0.08,3.1,173,3.46,116,2.32,117,2.34,35,0.7,5,0.1,0,2,254,4,11,3,1,718,218,4.36,16.06,20273,405,1
GCK Lions,1314,113,134,2.98,26,0.58,80.6,12953,287,7,0.16,2.51,148,3.29,79,1.76,107,2.38,24,0.53,10,0.22,3,5,140,1,8,2,0,405,178,3.96,13.48,17897,397,1
GCK Lions,1415,124,150,3.12,38,0.79,74.67,13941,290,1,0.02,2.58,169,3.52,92,1.92,121,2.52,27,0.56,7,0.15,4,3,179,0,0,0,0,358,191,3.98,14.14,18582,387,1
GCK Lions,1516,107,154,3.42,42,0.93,72.73,14060,312,1,0.02,2.38,183,4.07,84,1.87,130,2.89,24,0.53,8,0.18,2,1,172,0,0,1,0,364,181,4.02,13.26,18364,408,1
Genève-Servette HC,0809,157,297,5.94,42,0.84,85.86,28077,561,5,0.1,3.14,140,2.8,110,2.2,91,1.82,42,0.84,7,0.14,0,0,336,5,18,4,2,997,298,5.96,14.09,28226,564,1
Genève-Servette HC,0910,166,250,5.0,33,0.66,86.8,23133,462,11,0.22,3.32,113,2.26,111,2.22,74,1.48,40,0.8,4,0.08,4,2,302,5,15,5,1,899,250,5.0,16.0,22917,458,1
Genève-Servette HC,1011,129,208,4.16,33,0.66,84.13,19184,383,5,0.1,2.58,128,2.56,93,1.86,85,1.7,30,0.6,5,0.1,1,5,239,1,10,5,0,683,216,4.32,13.89,20697,413,1
Genève-Servette HC,1112,117,186,3.72,22,0.44,88.17,18994,379,6,0.12,2.34,126,2.52,80,1.6,89,1.78,27,0.54,7,0.14,4,8,220,4,8,5,0,640,209,4.18,12.92,20958,419,1
Genève-Servette HC,1213,146,249,4.98,34,0.68,86.35,24147,482,11,0.22,2.92,139,2.78,106,2.12,100,2.0,28,0.56,4,0.08,1,1,284,1,15,1,1,763,218,4.36,12.84,21283,425,1
Genève-Servette HC,1314,158,210,4.2,34,0.68,83.81,20587,411,8,0.16,3.16,133,2.66,111,2.22,92,1.84,34,0.68,6,0.12,5,1,237,13,12,12,1,919,200,4.0,17.0,18713,374,1
Genève-Servette HC,1415,154,178,3.56,30,0.6,83.15,17517,350,9,0.18,3.08,154,3.08,109,2.18,108,2.16,33,0.66,10,0.2,3,6,212,2,4,2,0,514,164,3.28,20.12,15971,319,1
Genève-Servette HC,1516,160,207,4.14,35,0.7,83.09,19219,384,6,0.12,3.2,138,2.76,107,2.14,97,1.94,44,0.88,5,0.1,3,1,229,4,5,6,0,648,175,3.5,25.14,16662,333,1
HC Ajoie,0910,157,264,5.87,43,0.96,83.71,23751,527,6,0.13,3.49,149,3.31,101,2.24,96,2.13,54,1.20,9,0.20,2,1,321,3,11,3,1,847,258,5.73,20.93,22722,504,1
HC Ajoie,1011,141,252,5.6,48,1.07,80.95,22831,507,4,0.09,3.13,149,3.31,81,1.8,87,1.93,53,1.18,9,0.2,3,5,307,5,21,5,1,969,246,5.47,21.54,25232,560,1
HC Ajoie,1112,119,236,5.24,42,0.93,82.2,21753,483,1,0.02,2.64,154,3.42,73,1.62,102,2.27,43,0.96,8,0.18,2,2,269,2,17,3,1,798,218,4.84,19.72,19969,443,1
HC Ajoie,1213,187,261,5.22,45,0.9,82.76,23448,468,9,0.18,3.74,138,2.76,126,2.52,89,1.78,48,0.96,3,0.06,4,1,298,2,16,4,0,846,260,5.2,18.46,23426,468,1
HC Ajoie,1314,123,211,4.69,43,0.96,79.62,19126,425,5,0.11,2.73,156,3.47,77,1.71,105,2.33,40,0.89,5,0.11,1,3,224,3,13,1,2,653,212,4.71,18.87,19677,437,1
HC Ajoie,1415,137,215,4.48,43,0.9,80.0,19527,406,6,0.12,2.85,152,3.17,99,2.06,96,2.0,31,0.65,7,0.15,1,6,247,0,6,0,0,554,205,4.27,15.12,19727,410,1
HC Ajoie,1516,171,156,3.47,24,0.53,84.62,15000,333,9,0.2,3.8,131,2.91,116,2.58,105,2.33,45,1.0,1,0.02,1,1,188,0,3,1,0,426,197,4.38,22.84,19245,427,1
HC Ambri-Piotta,0809,129,266,5.32,56,1.12,78.95,23820,476,5,0.1,2.58,190,3.8,83,1.66,124,2.48,41,0.82,10,0.2,0,0,292,4,10,4,0,784,268,5.36,15.3,25656,513,1
HC Ambri-Piotta,0910,107,214,4.28,49,0.98,77.1,19626,392,3,0.06,2.14,187,3.74,71,1.42,126,2.52,31,0.62,9,0.18,2,3,250,0,11,0,0,610,217,4.34,14.29,21650,433,1
HC Ambri-Piotta,1011,99,157,3.14,37,0.74,76.43,15089,301,4,0.08,1.98,172,3.44,58,1.16,127,2.54,36,0.72,6,0.12,1,2,178,1,7,2,0,471,222,4.44,16.22,21950,439,1
HC Ambri-Piotta,1112,102,182,3.64,37,0.74,79.67,17394,347,2,0.04,2.04,153,3.06,64,1.28,106,2.12,34,0.68,5,0.1,2,5,210,2,8,2,1,570,226,4.52,15.04,22159,443,1
HC Ambri-Piotta,1213,128,195,3.9,38,0.76,80.51,18543,370,4,0.08,2.56,178,3.56,93,1.86,136,2.72,27,0.54,2,0.04,4,2,218,1,8,3,0,581,181,3.62,14.92,18272,365,1
HC Ambri-Piotta,1314,126,179,3.58,29,0.58,83.8,17302,346,5,0.1,2.52,123,2.46,82,1.64,86,1.72,36,0.72,5,0.1,3,3,201,1,4,2,0,487,219,4.38,16.44,21231,424,1
HC Ambri-Piotta,1415,124,196,3.92,37,0.74,81.12,18816,376,5,0.1,2.48,167,3.34,86,1.72,124,2.48,28,0.56,2,0.04,5,4,229,2,2,2,0,528,178,3.56,15.73,17952,359,1
HC Ambri-Piotta,1516,144,182,3.64,40,0.8,78.02,16711,334,4,0.08,2.88,166,3.32,111,2.22,116,2.32,28,0.56,6,0.12,1,4,196,5,3,5,0,547,175,3.5,16.0,16678,333,1
HC Davos,0809,184,298,5.96,43,0.86,85.57,28976,579,7,0.14,3.68,135,2.7,124,2.48,89,1.78,53,1.06,3,0.06,0,0,321,2,10,3,0,812,265,5.3,20.0,23909,478,1
HC Davos,0910,181,256,5.12,39,0.78,84.77,24540,490,10,0.2,3.62,124,2.48,125,2.5,82,1.64,43,0.86,1,0.02,3,2,296,4,16,5,1,892,230,4.6,18.7,20746,414,1
HC Davos,1011,179,247,4.94,28,0.56,88.66,24738,494,13,0.26,3.58,103,2.06,128,2.56,67,1.34,35,0.7,7,0.14,3,1,289,5,9,3,2,793,203,4.06,17.24,19801,396,1
HC Davos,1112,155,227,4.54,35,0.7,84.58,22331,446,11,0.22,3.1,117,2.34,112,2.24,78,1.56,29,0.58,1,0.02,3,3,254,4,7,3,2,698,182,3.64,15.93,17587,351,1
HC Davos,1213,170,240,4.8,36,0.72,85.0,24063,481,7,0.14,3.4,152,3.04,121,2.42,102,2.04,39,0.78,10,0.2,3,4,266,4,9,3,1,722,190,3.8,20.53,18553,371,1
HC Davos,1314,151,204,4.08,30,0.6,85.29,19713,394,7,0.14,3.02,133,2.66,108,2.16,99,1.98,31,0.62,3,0.06,5,1,223,1,10,1,0,571,173,3.46,17.92,16000,320,1
HC Davos,1415,164,206,4.12,30,0.6,85.44,19596,391,7,0.14,3.28,132,2.64,128,2.56,93,1.86,26,0.52,4,0.08,3,5,242,3,2,3,0,579,185,3.7,14.05,17914,358,1
HC Davos,1516,181,190,3.8,26,0.52,86.32,18500,370,10,0.2,3.62,142,2.84,135,2.7,112,2.24,33,0.66,3,0.06,3,1,217,4,10,7,0,694,176,3.52,18.75,17106,342,1
HC La Chaux-de-Fonds,0910,177,222,4.93,46,1.02,79.28,20630,458,15,0.33,3.93,166,3.69,111,2.47,107,2.38,58,1.29,9,0.20,0,4,249,1,7,1,0,593,260,5.78,22.31,23089,513,1
HC La Chaux-de-Fonds,1011,175,209,4.64,34,0.76,83.73,19140,425,8,0.18,3.89,139,3.09,119,2.64,91,2.02,45,1.0,11,0.24,3,3,242,0,7,0,0,554,226,5.02,19.91,20857,463,1
HC La Chaux-de-Fonds,1112,155,191,4.24,34,0.76,82.2,18215,404,11,0.24,3.44,127,2.82,93,2.07,82,1.82,49,1.09,7,0.16,2,4,218,3,7,3,0,581,223,4.96,21.97,19807,440,1
HC La Chaux-de-Fonds,1213,189,224,4.48,35,0.7,84.38,21095,421,19,0.38,3.78,147,2.94,125,2.5,102,2.04,43,0.86,5,0.1,2,5,259,4,9,2,1,688,232,4.64,18.53,21248,424,1
HC La Chaux-de-Fonds,1314,151,188,4.18,34,0.76,81.91,18543,412,4,0.09,3.36,149,3.31,105,2.33,106,2.36,38,0.84,6,0.13,4,3,216,1,8,1,0,537,186,4.13,20.43,17813,395,1
HC La Chaux-de-Fonds,1415,157,190,3.96,40,0.83,78.95,18779,391,10,0.21,3.27,148,3.08,114,2.38,95,1.98,32,0.67,8,0.17,1,5,212,1,2,0,1,469,203,4.23,15.76,20536,427,1
HC La Chaux-de-Fonds,1516,157,187,4.16,39,0.87,79.14,17213,382,6,0.13,3.49,125,2.78,116,2.58,77,1.71,33,0.73,7,0.16,2,2,199,5,2,4,1,543,178,3.96,18.54,17547,389,1
HC Lugano,0809,175,284,5.68,48,0.96,83.1,26795,535,6,0.12,3.5,156,3.12,101,2.02,100,2.0,68,1.36,8,0.16,0,0,327,5,13,4,1,909,270,5.4,25.19,23873,477,1
HC Lugano,0910,153,203,4.06,50,1.0,75.37,19542,390,3,0.06,3.06,166,3.32,103,2.06,105,2.1,44,0.88,7,0.14,3,4,234,5,16,7,1,813,212,4.24,20.75,20122,402,1
HC Lugano,1011,130,215,4.3,40,0.8,81.4,20110,402,5,0.1,2.6,159,3.18,86,1.72,112,2.24,36,0.72,5,0.1,3,2,249,1,8,2,0,623,188,3.76,19.15,18714,374,1
HC Lugano,1112,152,184,3.68,32,0.64,82.61,17532,350,9,0.18,3.04,150,3.0,93,1.86,109,2.18,45,0.9,6,0.12,5,3,206,1,4,1,0,477,207,4.14,21.74,19979,399,1
HC Lugano,1213,163,220,4.4,41,0.82,81.36,18769,375,4,0.08,3.26,139,2.78,113,2.26,89,1.78,44,0.88,7,0.14,2,2,231,1,8,1,0,567,230,4.6,19.13,21307,426,1
HC Lugano,1314,142,197,3.94,28,0.56,85.79,18989,379,5,0.1,2.84,114,2.28,93,1.86,82,1.64,41,0.82,3,0.06,3,1,235,3,9,5,0,675,230,4.6,17.83,21352,427,1
HC Lugano,1415,155,182,3.64,29,0.58,84.07,18114,362,2,0.04,3.1,127,2.54,102,2.04,92,1.84,45,0.9,4,0.08,6,2,229,4,5,5,0,628,236,4.72,19.07,22032,440,1
HC Lugano,1516,157,179,3.58,33,0.66,81.56,17688,353,4,0.08,3.14,150,3.0,118,2.36,111,2.22,31,0.62,5,0.1,4,1,213,6,1,7,0,606,189,3.78,16.4,17835,356,1
HC Red Ice,1213,151,201,4.02,44,0.88,78.11,18950,379,7,0.14,3.02,170,3.4,101,2.02,119,2.38,39,0.78,4,0.08,4,3,224,3,7,2,1,593,227,4.54,17.18,21032,420,1
HC Red Ice,1314,138,174,3.87,18,0.4,89.66,17667,392,3,0.07,3.07,119,2.64,107,2.38,92,2.04,25,0.56,7,0.16,3,2,204,2,6,2,0,518,163,3.62,15.34,16683,370,1
HC Red Ice,1415,147,213,4.44,42,0.88,80.28,20435,425,6,0.12,3.06,133,2.77,101,2.1,84,1.75,36,0.75,5,0.1,4,2,239,0,5,1,0,548,183,3.81,19.67,17174,357,1
HC Red Ice,1516,113,170,3.78,29,0.64,82.94,16700,371,0,0.0,2.51,128,2.84,77,1.71,93,2.07,33,0.73,7,0.16,1,3,198,3,3,3,0,501,181,4.02,18.23,17183,381,1
HC Sierre,0910,161,243,5.40,40,0.89,83.54,23413,520,10,0.22,3.58,132,2.93,103,2.29,84,1.87,51,1.13,4,0.09,3,4,290,3,11,3,0,765,232,5.16,21.98,21645,481,1
HC Sierre,1011,149,246,5.47,53,1.18,78.46,22720,504,13,0.29,3.31,166,3.69,79,1.76,103,2.29,56,1.24,9,0.2,1,1,296,5,13,6,0,867,270,6.0,20.74,24095,535,1
HC Sierre,1112,114,235,5.22,49,1.09,79.15,23701,526,8,0.18,2.53,177,3.93,67,1.49,115,2.56,35,0.78,11,0.24,4,2,253,5,16,5,1,811,206,4.58,16.99,19430,431,1
HC Sierre,1213,103,266,5.32,67,1.34,74.81,23622,472,2,0.04,2.06,275,5.5,73,1.46,192,3.84,27,0.54,15,0.3,1,1,293,4,9,3,1,776,210,4.2,12.86,19419,388,1
Hockey Thurgau,0910,131,209,4.64,49,1.09,76.56,18615,413,4,0.09,2.91,189,4.20,99,2.20,130,2.89,36,0.80,9,0.20,1,1,258,2,12,4,1,746,185,4.11,19.46,17303,384,1
Hockey Thurgau,1011,133,223,4.96,55,1.22,75.34,20586,457,6,0.13,2.96,198,4.4,100,2.22,130,2.89,27,0.6,10,0.22,0,3,264,2,15,4,0,768,191,4.24,14.14,19323,429,1
Hockey Thurgau,1112,118,223,4.96,51,1.13,77.13,20687,459,9,0.2,2.62,170,3.78,77,1.71,106,2.36,25,0.56,11,0.24,2,2,243,5,16,5,1,791,194,4.31,12.89,18370,408,1
Hockey Thurgau,1213,121,237,4.74,47,0.94,80.17,21427,428,1,0.02,2.42,219,4.38,75,1.5,156,3.12,43,0.86,13,0.26,2,3,283,3,17,3,0,811,237,4.74,18.14,21979,439,1
Hockey Thurgau,1314,144,193,4.29,49,1.09,74.61,17763,394,6,0.13,3.2,160,3.56,111,2.47,97,2.16,27,0.6,10,0.22,0,4,210,1,16,1,0,605,176,3.91,15.34,17064,379,1
Hockey Thurgau,1415,112,205,4.27,31,0.65,84.88,18989,395,4,0.08,2.33,156,3.25,68,1.42,117,2.44,36,0.75,7,0.15,4,1,243,0,5,0,0,536,212,4.42,16.98,20147,419,1
Hockey Thurgau,1516,124,198,4.4,54,1.2,72.73,18389,408,6,0.13,2.76,164,3.64,94,2.09,107,2.38,20,0.44,2,0.04,4,1,219,6,2,7,0,628,167,3.71,11.98,16333,362,1
Kloten Flyers,0809,174,271,5.42,42,0.84,84.5,25481,509,11,0.22,3.48,130,2.6,110,2.2,85,1.7,53,1.06,3,0.06,0,0,301,3,18,4,0,877,310,6.2,17.1,31230,624,1
Kloten Flyers,0910,163,237,4.74,44,0.88,81.43,21363,427,7,0.14,3.26,138,2.76,104,2.08,90,1.8,46,0.92,2,0.04,6,2,270,4,7,3,1,710,236,4.72,19.49,21709,434,1
Kloten Flyers,1011,170,210,4.2,30,0.6,85.71,20049,400,12,0.24,3.4,111,2.22,110,2.2,73,1.46,44,0.88,5,0.1,4,3,284,1,14,2,0,753,243,4.86,18.11,23569,471,1
Kloten Flyers,1112,158,206,4.12,35,0.7,83.01,20220,404,8,0.16,3.16,117,2.34,111,2.22,78,1.56,38,0.76,2,0.04,1,2,266,4,6,4,0,692,209,4.18,18.18,19191,383,1
Kloten Flyers,1213,151,221,4.42,40,0.8,81.9,21258,425,5,0.1,3.02,137,2.74,115,2.3,90,1.8,26,0.52,3,0.06,5,4,245,5,12,4,2,755,212,4.24,12.26,20868,417,1
Kloten Flyers,1314,147,200,4.0,28,0.56,86.0,18807,376,6,0.12,2.94,121,2.42,98,1.96,92,1.84,38,0.76,1,0.02,5,0,237,4,10,5,0,694,194,3.88,19.59,17539,350,1
Kloten Flyers,1415,117,199,3.98,44,0.88,77.89,18035,360,4,0.08,2.34,144,2.88,80,1.6,94,1.88,29,0.58,3,0.06,4,3,222,1,2,1,0,489,189,3.78,15.34,17485,349,1
Kloten Flyers,1516,154,168,3.36,39,0.78,76.79,16193,323,6,0.12,3.08,150,3.0,110,2.2,109,2.18,35,0.7,2,0.04,3,0,188,2,3,2,0,456,159,3.18,22.01,16172,323,1
Lausanne HC,0910,166,248,5.51,42,0.93,83.06,23661,525,10,0.22,3.69,121,2.69,119,2.64,74,1.64,52,1.16,3,0.07,1,2,316,3,12,3,0,827,232,5.16,22.41,20472,454,1
Lausanne HC,1011,159,194,4.31,39,0.87,79.9,18206,404,9,0.2,3.53,122,2.71,114,2.53,74,1.64,32,0.71,8,0.18,4,1,233,3,8,2,1,621,190,4.22,16.84,17937,398,1
Lausanne HC,1112,186,196,4.36,25,0.56,87.24,18388,408,6,0.13,4.13,115,2.56,130,2.89,79,1.76,46,1.02,5,0.11,4,1,242,3,10,1,2,659,213,4.73,21.6,19628,436,1
Lausanne HC,1213,203,223,4.46,34,0.68,84.75,20061,401,8,0.16,4.06,132,2.64,149,2.98,91,1.82,45,0.9,6,0.12,1,1,277,2,17,2,0,774,223,4.46,20.18,20935,418,1
Lausanne HC,1314,104,188,3.76,28,0.56,85.11,18516,370,6,0.12,2.08,115,2.3,62,1.24,79,1.58,34,0.68,5,0.1,2,3,212,2,9,2,0,564,185,3.7,18.38,18049,360,1
Lausanne HC,1415,105,169,3.38,34,0.68,79.88,16777,335,2,0.04,2.1,116,2.32,70,1.4,72,1.44,29,0.58,6,0.12,4,4,186,3,4,5,0,527,185,3.7,15.68,18457,369,1
Lausanne HC,1516,123,172,3.44,36,0.72,79.07,16717,334,1,0.02,2.46,143,2.86,88,1.76,98,1.96,30,0.6,7,0.14,4,2,185,2,1,2,0,430,179,3.58,16.76,17186,343,1
Neuchâtel,0910,0,0,-,0,-,-,0,0,2,-,-,0,-,23,-,0,-,7,-,0,-,0,0,98,0,3,0,0,226,0,-,-,0,0,1
SC Bern,0809,187,262,5.24,51,1.02,80.53,26321,526,12,0.24,3.74,136,2.72,120,2.4,82,1.64,55,1.1,3,0.06,0,0,288,8,9,7,1,866,251,5.02,21.91,22424,448,1
SC Bern,0910,154,200,4.0,28,0.56,86.0,19447,388,4,0.08,3.08,117,2.34,113,2.26,82,1.64,34,0.68,3,0.06,3,4,243,2,10,2,0,636,198,3.96,17.17,19287,385,1
SC Bern,1011,160,184,3.68,26,0.52,85.87,18462,369,5,0.1,3.2,117,2.34,119,2.38,86,1.72,30,0.6,2,0.04,6,3,213,1,6,1,0,511,178,3.56,16.85,17020,340,1
SC Bern,1112,153,195,3.9,24,0.48,87.69,19108,382,2,0.04,3.06,130,2.6,110,2.2,99,1.98,36,0.72,4,0.08,5,3,220,3,5,2,1,565,179,3.58,20.11,16799,335,1
SC Bern,1213,169,201,4.02,29,0.58,85.57,19655,393,6,0.12,3.38,117,2.34,111,2.22,72,1.44,50,1.0,12,0.24,2,4,219,1,7,1,0,533,235,4.7,21.28,22391,447,1
SC Bern,1314,126,187,3.74,32,0.64,82.89,17699,353,4,0.08,2.52,129,2.58,87,1.74,92,1.84,34,0.68,3,0.06,1,2,204,4,7,5,0,598,191,3.82,17.8,18070,361,1
SC Bern,1415,158,184,3.68,27,0.54,85.33,19010,380,3,0.06,3.16,120,2.4,117,2.34,83,1.66,35,0.7,5,0.1,3,5,222,5,2,5,0,589,175,3.5,20.0,16907,338,1
SC Bern,1516,152,190,3.8,37,0.74,80.53,17428,348,4,0.08,3.04,162,3.24,95,1.9,117,2.34,51,1.02,3,0.06,2,5,233,4,7,4,0,636,212,4.24,24.06,19164,383,1
SC Langenthal,0910,124,193,4.29,36,0.80,81.35,18029,400,2,0.04,2.76,156,3.47,86,1.91,110,2.44,38,0.84,10,0.22,3,0,224,0,10,1,0,568,229,5.09,16.59,22097,491,1
SC Langenthal,1011,173,212,4.71,41,0.91,80.66,20335,451,7,0.16,3.84,157,3.49,122,2.71,110,2.44,41,0.91,5,0.11,3,1,227,3,5,3,1,599,215,4.78,19.07,20520,456,1
SC Langenthal,1112,157,179,3.98,27,0.6,84.92,17417,387,7,0.16,3.49,110,2.44,101,2.24,76,1.69,48,1.07,4,0.09,1,3,192,2,4,2,0,474,210,4.67,22.86,20019,444,1
SC Langenthal,1213,182,201,4.02,31,0.62,84.58,19582,391,7,0.14,3.64,113,2.26,111,2.22,73,1.46,61,1.22,6,0.12,3,3,213,0,2,0,0,446,232,4.64,26.29,21191,423,1
SC Langenthal,1314,145,169,3.76,30,0.67,82.25,16715,371,7,0.16,3.22,125,2.78,103,2.29,91,2.02,33,0.73,4,0.09,2,0,190,2,3,3,0,480,163,3.62,20.25,15963,354,1
SC Langenthal,1415,140,239,4.98,42,0.88,82.43,22516,469,7,0.15,2.92,147,3.06,90,1.88,101,2.1,40,0.83,2,0.04,3,2,258,2,4,1,1,606,198,4.12,20.2,18262,380,1
SC Langenthal,1516,164,203,4.51,30,0.67,85.22,19415,431,4,0.09,3.64,122,2.71,116,2.58,87,1.93,41,0.91,1,0.02,3,4,243,1,2,3,0,571,166,3.69,24.7,15030,334,1
SC Rapperswil-Jona Lakers,0809,143,271,5.42,63,1.26,76.75,25251,505,3,0.06,2.86,208,4.16,94,1.88,136,2.72,46,0.92,9,0.18,0,0,290,7,11,8,0,885,265,5.3,17.36,24235,484,1
SC Rapperswil-Jona Lakers,0910,129,196,3.92,42,0.84,78.57,18762,375,4,0.08,2.58,154,3.08,89,1.78,104,2.08,36,0.72,6,0.12,0,2,221,1,6,1,0,527,196,3.92,18.37,17912,358,1
SC Rapperswil-Jona Lakers,1011,138,219,4.38,47,0.94,78.54,20776,415,3,0.06,2.76,184,3.68,100,2.0,125,2.5,32,0.64,6,0.12,3,6,245,2,10,2,0,640,178,3.56,17.98,17505,350,1
SC Rapperswil-Jona Lakers,1112,99,199,3.98,35,0.7,82.41,19710,394,2,0.04,1.98,172,3.44,68,1.36,128,2.56,28,0.56,9,0.18,1,0,213,5,10,5,1,671,172,3.44,16.28,16494,329,1
SC Rapperswil-Jona Lakers,1213,139,206,4.12,43,0.86,79.13,19256,385,3,0.06,2.78,207,4.14,96,1.92,158,3.16,38,0.76,4,0.08,2,2,219,0,11,0,0,548,212,4.24,17.92,19324,386,1
SC Rapperswil-Jona Lakers,1314,117,203,4.06,53,1.06,73.89,18753,375,1,0.02,2.34,200,4.0,92,1.84,135,2.7,23,0.46,7,0.14,1,5,236,1,11,2,0,627,208,4.16,11.06,20201,404,1
SC Rapperswil-Jona Lakers,1415,121,192,3.84,30,0.6,84.38,18435,368,4,0.08,2.42,165,3.3,72,1.44,124,2.48,41,0.82,6,0.12,4,5,218,0,4,2,0,516,199,3.98,20.6,18806,376,1
SC Rapperswil-Jona Lakers,1516,162,164,3.64,26,0.58,84.15,16405,364,5,0.11,3.6,105,2.33,111,2.47,76,1.69,43,0.96,2,0.04,3,1,196,8,4,7,1,632,183,4.07,23.5,17201,382,1
SCL Tigers,0809,170,304,6.08,64,1.28,78.95,26107,522,7,0.14,3.4,180,3.6,104,2.08,107,2.14,59,1.18,9,0.18,0,0,330,4,10,4,1,880,316,6.32,18.67,27230,544,1
SCL Tigers,0910,141,206,4.12,42,0.84,79.61,18592,371,3,0.06,2.82,192,3.84,94,1.88,136,2.72,42,0.84,10,0.2,2,4,221,0,4,1,0,502,237,4.74,17.72,22977,459,1
SCL Tigers,1011,149,179,3.58,33,0.66,81.56,17202,344,4,0.08,2.98,154,3.08,105,2.1,108,2.16,37,0.74,8,0.16,3,5,216,3,7,3,1,597,221,4.42,16.74,21249,424,1
SCL Tigers,1112,124,209,4.18,46,0.92,77.99,20178,403,4,0.08,2.48,166,3.32,89,1.78,111,2.22,29,0.58,7,0.14,2,2,236,5,18,6,0,797,203,4.06,14.29,20023,400,1
SCL Tigers,1213,117,234,4.68,51,1.02,78.21,21118,422,4,0.08,2.34,192,3.84,72,1.44,130,2.6,39,0.78,6,0.12,2,5,255,3,12,5,0,745,243,4.86,16.05,21882,437,1
SCL Tigers,1314,139,187,4.16,33,0.73,82.35,17501,388,4,0.09,3.09,123,2.73,97,2.16,85,1.89,37,0.82,2,0.04,1,3,206,3,18,6,0,727,219,4.87,16.89,21156,470,1
SCL Tigers,1415,182,224,4.67,29,0.6,87.05,20277,422,6,0.12,3.79,126,2.62,127,2.65,86,1.79,47,0.98,9,0.19,2,2,261,2,1,1,1,582,258,5.38,18.22,23404,487,1
SCL Tigers,1516,135,210,4.2,43,0.86,79.52,20350,407,0,0.0,2.7,173,3.46,103,2.06,124,2.48,29,0.58,5,0.1,3,1,225,4,1,4,0,560,182,3.64,15.93,18278,365,1
ZSC Lions,0809,176,242,4.84,37,0.74,84.71,21693,433,9,0.18,3.52,149,2.98,108,2.16,106,2.12,59,1.18,6,0.12,0,0,274,2,10,2,0,698,280,5.6,21.07,25615,512,1
ZSC Lions,0910,185,217,4.34,42,0.84,80.65,18915,378,5,0.1,3.7,165,3.3,133,2.66,104,2.08,45,0.9,10,0.2,2,4,261,0,9,0,0,612,227,4.54,19.82,20978,419,1
ZSC Lions,1011,132,218,4.36,37,0.74,83.03,21283,425,1,0.02,2.64,156,3.12,91,1.82,110,2.2,36,0.72,4,0.08,4,5,264,4,11,4,0,738,212,4.24,16.98,20614,412,1
ZSC Lions,1112,136,185,3.7,35,0.7,81.08,18666,373,7,0.14,2.72,129,2.58,106,2.12,89,1.78,19,0.38,3,0.06,4,2,203,1,9,1,0,521,196,3.92,9.69,19963,399,1
ZSC Lions,1213,152,190,3.8,35,0.7,81.58,17568,351,9,0.18,3.04,131,2.62,108,2.16,93,1.86,33,0.66,1,0.02,2,2,211,1,4,1,0,487,203,4.06,16.26,19255,385,1
ZSC Lions,1314,167,186,3.72,31,0.62,83.33,17885,357,6,0.12,3.34,111,2.22,120,2.4,68,1.36,41,0.82,6,0.12,0,6,218,0,9,3,0,586,192,3.84,21.35,17747,354,1
ZSC Lions,1415,148,187,3.74,27,0.54,85.56,18267,365,3,0.06,2.96,106,2.12,115,2.3,73,1.46,28,0.56,1,0.02,2,5,213,1,1,1,0,461,180,3.6,15.56,17449,348,1
ZSC Lions,1516,173,170,3.4,36,0.72,78.82,17067,341,6,0.12,3.46,125,2.5,122,2.44,81,1.62,45,0.9,2,0.04,0,6,191,2,1,3,0,462,179,3.58,25.14,16703,334,1
